frequency_GHz,capacitance_pF,L_tot_nH,Z_ohm,beta,phi_ext_over_phi0,kind,level_a,level_b,label_a,label_b,gap_GHz
6.922,4.0,0.132045,5.74554174991358,0.5,-0.49943621694560986,crossing,1,3,unlabeled,unlabeled,0.0
6.922,4.0,0.132045,5.74554174991358,0.5,-0.49936179244295703,crossing,4,6,unlabeled,unlabeled,0.0
6.922,4.0,0.132045,5.74554174991358,0.5,-0.44665381169190616,crossing,8,9,unlabeled,"|3,1>",0.0
6.922,4.0,0.132045,5.74554174991358,0.5,-0.44665188258085203,crossing,5,7,"|2,1>","|3,0>",0.0
6.922,4.0,0.132045,5.74554174991358,0.5,-0.4182577173832854,crossing,10,11,"|5,0>","|4,0>",0.0
6.922,4.0,0.132045,5.74554174991358,0.5,-0.41313557638293225,crossing,6,11,"|0,2>","|4,0>",0.0
6.922,4.0,0.132045,5.74554174991358,0.5,-0.41000000000000003,avoided,6,10,"|0,2>","|5,0>",0.018460330697919858
6.922,4.0,0.132045,5.74554174991358,0.5,-0.4058145474456093,crossing,8,9,unlabeled,"|3,1>",0.0
6.922,4.0,0.132045,5.74554174991358,0.5,-0.3917728829503339,crossing,2,5,"|0,1>","|2,1>",0.0
6.922,4.0,0.132045,5.74554174991358,0.5,-0.38,avoided,6,10,"|0,2>","|5,0>",0.01656659871365207
6.922,4.0,0.132045,5.74554174991358,0.5,-0.3772151732654123,crossing,2,7,"|0,1>","|3,0>",0.0
6.922,4.0,0.132045,5.74554174991358,0.5,-0.3772112780713684,crossing,8,9,unlabeled,"|3,1>",0.0
6.922,4.0,0.132045,5.74554174991358,0.5,-0.32566896084882796,crossing,6,10,"|0,2>","|5,0>",0.0
6.922,4.0,0.132045,5.74554174991358,0.5,-0.31160308463511754,crossing,4,5,"|1,1>","|2,1>",0.0
6.922,4.0,0.132045,5.74554174991358,0.5,-0.3086106453639496,crossing,6,8,"|0,2>",unlabeled,0.0
6.922,4.0,0.132045,5.74554174991358,0.5,-0.3049966913733477,crossing,8,10,unlabeled,"|5,0>",0.0
6.922,4.0,0.132045,5.74554174991358,0.5,-0.27545518549411563,crossing,6,10,"|0,2>","|5,0>",0.0
6.922,4.0,0.132045,5.74554174991358,0.5,-0.25251332581634695,crossing,8,11,unlabeled,"|4,0>",0.0
6.922,4.0,0.132045,5.74554174991358,0.5,-0.2472853358423949,crossing,2,3,"|0,1>","|2,0>",0.0
6.922,4.0,0.132045,5.74554174991358,0.5,-0.22529807219192122,crossing,6,10,"|0,2>","|5,0>",0.0
6.922,4.0,0.132045,5.74554174991358,0.5,-0.1933570094513699,crossing,4,7,"|1,1>","|3,0>",0.0
6.922,4.0,0.132045,5.74554174991358,0.5,-0.17472064027084297,crossing,5,8,"|2,1>",unlabeled,0.0
6.922,4.0,0.132045,5.74554174991358,0.5,-0.16999999999999998,avoided,6,9,"|0,2>","|3,1>",0.03375583249861336
6.922,4.0,0.132045,5.74554174991358,0.5,-0.10250899838145101,crossing,6,10,"|0,2>","|5,0>",0.0
6.922,4.0,0.132045,5.74554174991358,0.5,-0.06,avoided,5,11,"|2,1>","|4,0>",0.01778157492630328
6.922,4.0,0.132045,5.74554174991358,0.5,0.06000000000000005,avoided,5,11,"|2,1>","|4,0>",0.017781574926260646
6.922,4.0,0.132045,5.74554174991358,0.5,0.10250899838158983,crossing,6,10,"|0,2>","|5,0>",0.0
6.922,4.0,0.132045,5.74554174991358,0.5,0.17000000000000004,avoided,6,9,"|0,2>","|3,1>",0.03375583249962233
6.922,4.0,0.132045,5.74554174991358,0.5,0.17472064027082268,crossing,5,8,"|2,1>",unlabeled,0.0
6.922,4.0,0.132045,5.74554174991358,0.5,0.19335700945127163,crossing,4,7,"|1,1>","|3,0>",0.0
6.922,4.0,0.132045,5.74554174991358,0.5,0.2252980721919199,crossing,6,10,"|0,2>","|5,0>",0.0
6.922,4.0,0.132045,5.74554174991358,0.5,0.24728533584206178,crossing,2,3,"|0,1>","|2,0>",0.0
6.922,4.0,0.132045,5.74554174991358,0.5,0.2525133258164785,crossing,8,11,unlabeled,"|4,0>",0.0
6.922,4.0,0.132045,5.74554174991358,0.5,0.275455185494119,crossing,6,10,"|0,2>","|5,0>",0.0
6.922,4.0,0.132045,5.74554174991358,0.5,0.3049966913733335,crossing,8,10,unlabeled,"|5,0>",0.0
6.922,4.0,0.132045,5.74554174991358,0.5,0.3086106453639399,crossing,6,8,"|0,2>",unlabeled,0.0
6.922,4.0,0.132045,5.74554174991358,0.5,0.31160308463510716,crossing,4,5,"|1,1>","|2,1>",0.0
6.922,4.0,0.132045,5.74554174991358,0.5,0.32566896084881475,crossing,6,10,"|0,2>","|5,0>",0.0
6.922,4.0,0.132045,5.74554174991358,0.5,0.3772112780713378,crossing,8,9,unlabeled,"|3,1>",0.0
6.922,4.0,0.132045,5.74554174991358,0.5,0.3772151732654267,crossing,2,7,"|0,1>","|3,0>",0.0
6.922,4.0,0.132045,5.74554174991358,0.5,0.38,avoided,6,10,"|0,2>","|5,0>",0.016566598711619918
6.922,4.0,0.132045,5.74554174991358,0.5,0.39177288295029866,crossing,2,5,"|0,1>","|2,1>",0.0
6.922,4.0,0.132045,5.74554174991358,0.5,0.4058145474456166,crossing,8,9,unlabeled,"|3,1>",0.0
6.922,4.0,0.132045,5.74554174991358,0.5,0.41000000000000003,avoided,6,10,"|0,2>","|5,0>",0.0184603306962714
6.922,4.0,0.132045,5.74554174991358,0.5,0.4131355763829606,crossing,6,11,"|0,2>","|4,0>",0.0
6.922,4.0,0.132045,5.74554174991358,0.5,0.41825771738331524,crossing,10,11,"|5,0>","|4,0>",0.0
6.922,4.0,0.132045,5.74554174991358,0.5,0.4466518825808053,crossing,5,7,"|2,1>","|3,0>",0.0
6.922,4.0,0.132045,5.74554174991358,0.5,0.4466538116918131,crossing,8,9,unlabeled,"|3,1>",0.0
6.922,4.0,0.132045,5.74554174991358,0.5,0.49936179244297507,crossing,4,6,unlabeled,unlabeled,0.0
6.922,4.0,0.132045,5.74554174991358,0.5,0.49943621694560525,crossing,1,3,unlabeled,unlabeled,0.0
6.922,3.5,0.150812,6.56423208434489,0.5,-0.4993562546551944,crossing,1,3,unlabeled,unlabeled,0.0
6.922,3.5,0.150812,6.56423208434489,0.5,-0.499271306237616,crossing,4,6,unlabeled,unlabeled,0.0
6.922,3.5,0.150812,6.56423208434489,0.5,-0.44665623704023766,crossing,8,9,unlabeled,"|3,1>",0.0
6.922,3.5,0.150812,6.56423208434489,0.5,-0.4466540228171032,crossing,5,7,"|2,1>","|3,0>",0.0
6.922,3.5,0.150812,6.56423208434489,0.5,-0.4181482140318324,crossing,10,11,"|5,0>","|4,0>",0.0
6.922,3.5,0.150812,6.56423208434489,0.5,-0.41313351828497213,crossing,6,11,"|0,2>","|4,0>",0.0
6.922,3.5,0.150812,6.56423208434489,0.5,-0.41000000000000003,avoided,6,10,"|0,2>","|5,0>",0.020594089259901693
6.922,3.5,0.150812,6.56423208434489,0.5,-0.40581491467388486,crossing,8,9,unlabeled,"|3,1>",0.0
6.922,3.5,0.150812,6.56423208434489,0.5,-0.3917195608535242,crossing,2,5,"|0,1>","|2,1>",0.0
6.922,3.5,0.150812,6.56423208434489,0.5,-0.38,avoided,6,10,"|0,2>","|5,0>",0.01767072863491137
6.922,3.5,0.150812,6.56423208434489,0.5,-0.37713854887869197,crossing,2,7,"|0,1>","|3,0>",0.0
6.922,3.5,0.150812,6.56423208434489,0.5,-0.3771362143671113,crossing,8,9,unlabeled,"|3,1>",0.0
6.922,3.5,0.150812,6.56423208434489,0.5,-0.32566567767980426,crossing,6,10,"|0,2>","|5,0>",0.0
6.922,3.5,0.150812,6.56423208434489,0.5,-0.3114978800101092,crossing,4,5,"|1,1>","|2,1>",0.0
6.922,3.5,0.150812,6.56423208434489,0.5,-0.30846175094468736,crossing,6,8,"|0,2>",unlabeled,0.0
6.922,3.5,0.150812,6.56423208434489,0.5,-0.3048321208518313,crossing,8,10,unlabeled,"|5,0>",0.0
6.922,3.5,0.150812,6.56423208434489,0.5,-0.27545494115518726,crossing,6,10,"|0,2>","|5,0>",0.0
6.922,3.5,0.150812,6.56423208434489,0.5,-0.25261209011957275,crossing,8,11,unlabeled,"|4,0>",0.0
6.922,3.5,0.150812,6.56423208434489,0.5,-0.24710210750710687,crossing,2,3,"|0,1>","|2,0>",0.0
6.922,3.5,0.150812,6.56423208434489,0.5,-0.2252980847954447,crossing,6,10,"|0,2>","|5,0>",0.0
6.922,3.5,0.150812,6.56423208434489,0.5,-0.19336119734129284,crossing,4,7,"|1,1>","|3,0>",0.0
6.922,3.5,0.150812,6.56423208434489,0.5,-0.17443606682103396,crossing,5,8,"|2,1>",unlabeled,0.0
6.922,3.5,0.150812,6.56423208434489,0.5,-0.16999999999999998,avoided,6,9,"|0,2>","|3,1>",0.03860064756202064
6.922,3.5,0.150812,6.56423208434489,0.5,-0.10195125411903719,crossing,6,10,"|0,2>","|5,0>",0.0
6.922,3.5,0.150812,6.56423208434489,0.5,-0.06,avoided,5,11,"|2,1>","|4,0>",0.01974858294803994
6.922,3.5,0.150812,6.56423208434489,0.5,0.06000000000000005,avoided,5,11,"|2,1>","|4,0>",0.019748582948139415
6.922,3.5,0.150812,6.56423208434489,0.5,0.10195125411908165,crossing,6,10,"|0,2>","|5,0>",0.0
6.922,3.5,0.150812,6.56423208434489,0.5,0.17000000000000004,avoided,6,9,"|0,2>","|3,1>",0.03860064756221959
6.922,3.5,0.150812,6.56423208434489,0.5,0.17443606682100038,crossing,5,8,"|2,1>",unlabeled,0.0
6.922,3.5,0.150812,6.56423208434489,0.5,0.19336119734119006,crossing,4,7,"|1,1>","|3,0>",0.0
6.922,3.5,0.150812,6.56423208434489,0.5,0.22529808479545022,crossing,6,10,"|0,2>","|5,0>",0.0
6.922,3.5,0.150812,6.56423208434489,0.5,0.2471021075067403,crossing,2,3,"|0,1>","|2,0>",0.0
6.922,3.5,0.150812,6.56423208434489,0.5,0.2526120901196258,crossing,8,11,unlabeled,"|4,0>",0.0
6.922,3.5,0.150812,6.56423208434489,0.5,0.275454941155183,crossing,6,10,"|0,2>","|5,0>",0.0
6.922,3.5,0.150812,6.56423208434489,0.5,0.30483212085182587,crossing,8,10,unlabeled,"|5,0>",0.0
6.922,3.5,0.150812,6.56423208434489,0.5,0.30846175094468703,crossing,6,8,"|0,2>",unlabeled,0.0
6.922,3.5,0.150812,6.56423208434489,0.5,0.31149788001011963,crossing,4,5,"|1,1>","|2,1>",0.0
6.922,3.5,0.150812,6.56423208434489,0.5,0.32566567767982685,crossing,6,10,"|0,2>","|5,0>",0.0
6.922,3.5,0.150812,6.56423208434489,0.5,0.3771362143671536,crossing,8,9,unlabeled,"|3,1>",0.0
6.922,3.5,0.150812,6.56423208434489,0.5,0.37713854887871673,crossing,2,7,"|0,1>","|3,0>",0.0
6.922,3.5,0.150812,6.56423208434489,0.5,0.38,avoided,6,10,"|0,2>","|5,0>",0.01767072863360397
6.922,3.5,0.150812,6.56423208434489,0.5,0.39171956085348203,crossing,2,5,"|0,1>","|2,1>",0.0
6.922,3.5,0.150812,6.56423208434489,0.5,0.4058149146739054,crossing,8,9,unlabeled,"|3,1>",0.0
6.922,3.5,0.150812,6.56423208434489,0.5,0.41000000000000003,avoided,6,10,"|0,2>","|5,0>",0.02059408925920536
6.922,3.5,0.150812,6.56423208434489,0.5,0.41313351828502903,crossing,6,11,"|0,2>","|4,0>",0.0
6.922,3.5,0.150812,6.56423208434489,0.5,0.41814821403191843,crossing,10,11,"|5,0>","|4,0>",0.0
6.922,3.5,0.150812,6.56423208434489,0.5,0.4466540228170782,crossing,5,7,"|2,1>","|3,0>",0.0
6.922,3.5,0.150812,6.56423208434489,0.5,0.4466562370402651,crossing,8,9,unlabeled,"|3,1>",0.0
6.922,3.5,0.150812,6.56423208434489,0.5,0.49927130623765187,crossing,4,6,unlabeled,unlabeled,0.0
6.922,3.5,0.150812,6.56423208434489,0.5,0.49935625465509065,crossing,1,3,unlabeled,unlabeled,0.0
6.922,3.0,0.17604,7.660287200882223,0.5,-0.4992487987502963,crossing,1,3,unlabeled,unlabeled,0.0
6.922,3.0,0.17604,7.660287200882223,0.5,-0.49914965383060794,crossing,5,6,unlabeled,unlabeled,0.0
6.922,3.0,0.17604,7.660287200882223,0.5,-0.44665951611686433,crossing,8,9,"|0,2>","|3,1>",0.0
6.922,3.0,0.17604,7.660287200882223,0.5,-0.4466569114447079,crossing,4,7,"|2,1>","|3,0>",0.0
6.922,3.0,0.17604,7.660287200882223,0.5,-0.4181611663984625,crossing,10,11,"|5,0>","|4,0>",0.0
6.922,3.0,0.17604,7.660287200882223,0.5,-0.4132406449333024,crossing,6,11,"|1,2>","|4,0>",0.0
6.922,3.0,0.17604,7.660287200882223,0.5,-0.41000000000000003,avoided,6,10,"|1,2>","|5,0>",0.021358480782538436
6.922,3.0,0.17604,7.660287200882223,0.5,-0.4058153487899081,crossing,8,9,"|0,2>","|3,1>",0.0
6.922,3.0,0.17604,7.660287200882223,0.5,-0.391764983964971,crossing,2,4,"|0,1>","|2,1>",0.0
6.922,3.0,0.17604,7.660287200882223,0.5,-0.38,avoided,6,10,"|1,2>","|5,0>",0.018728475141358558
6.922,3.0,0.17604,7.660287200882223,0.5,-0.37720789337787014,crossing,2,7,"|0,1>","|3,0>",0.0
6.922,3.0,0.17604,7.660287200882223,0.5,-0.3772076631478643,crossing,8,9,"|0,2>","|3,1>",0.0
6.922,3.0,0.17604,7.660287200882223,0.5,-0.3256614945009225,crossing,6,10,"|1,2>","|5,0>",0.0
6.922,3.0,0.17604,7.660287200882223,0.5,-0.3115246864248837,crossing,4,5,"|2,1>","|1,1>",0.0
6.922,3.0,0.17604,7.660287200882223,0.5,-0.30857100228932505,crossing,6,8,"|1,2>","|0,2>",0.0
6.922,3.0,0.17604,7.660287200882223,0.5,-0.30494846418292837,crossing,8,10,"|0,2>","|5,0>",0.0
6.922,3.0,0.17604,7.660287200882223,0.5,-0.275454610114377,crossing,6,10,"|1,2>","|5,0>",0.0
6.922,3.0,0.17604,7.660287200882223,0.5,-0.25272076309612124,crossing,8,11,"|0,2>","|4,0>",0.0
6.922,3.0,0.17604,7.660287200882223,0.5,-0.24707516019669978,crossing,2,3,"|0,1>","|2,0>",0.0
6.922,3.0,0.17604,7.660287200882223,0.5,-0.22529809622345734,crossing,6,10,"|1,2>","|5,0>",0.0
6.922,3.0,0.17604,7.660287200882223,0.5,-0.19352583812356267,crossing,5,7,"|1,1>","|3,0>",0.0
6.922,3.0,0.17604,7.660287200882223,0.5,-0.17458018586027935,crossing,4,8,"|2,1>","|0,2>",0.0
6.922,3.0,0.17604,7.660287200882223,0.5,-0.16999999999999998,avoided,6,9,"|1,2>","|3,1>",0.03552357107597004
6.922,3.0,0.17604,7.660287200882223,0.5,-0.10227949598455592,crossing,6,10,"|1,2>","|5,0>",0.0
6.922,3.0,0.17604,7.660287200882223,0.5,-0.06,avoided,4,11,"|2,1>","|4,0>",0.02072098623980878
6.922,3.0,0.17604,7.660287200882223,0.5,0.06000000000000005,avoided,4,11,"|2,1>","|4,0>",0.02072098624064722
6.922,3.0,0.17604,7.660287200882223,0.5,0.10227949598467298,crossing,6,10,"|1,2>","|5,0>",0.0
6.922,3.0,0.17604,7.660287200882223,0.5,0.17000000000000004,avoided,6,9,"|1,2>","|3,1>",0.03552357107669479
6.922,3.0,0.17604,7.660287200882223,0.5,0.17458018586020357,crossing,4,8,"|2,1>","|0,2>",0.0
6.922,3.0,0.17604,7.660287200882223,0.5,0.19352583812341728,crossing,5,7,"|1,1>","|3,0>",0.0
6.922,3.0,0.17604,7.660287200882223,0.5,0.22529809622345806,crossing,6,10,"|1,2>","|5,0>",0.0
6.922,3.0,0.17604,7.660287200882223,0.5,0.24707516019647335,crossing,2,3,"|0,1>","|2,0>",0.0
6.922,3.0,0.17604,7.660287200882223,0.5,0.2527207630962142,crossing,8,11,"|0,2>","|4,0>",0.0
6.922,3.0,0.17604,7.660287200882223,0.5,0.2754546101143692,crossing,6,10,"|1,2>","|5,0>",0.0
6.922,3.0,0.17604,7.660287200882223,0.5,0.30494846418292604,crossing,8,10,"|0,2>","|5,0>",0.0
6.922,3.0,0.17604,7.660287200882223,0.5,0.308571002289311,crossing,6,8,"|1,2>","|0,2>",0.0
6.922,3.0,0.17604,7.660287200882223,0.5,0.3115246864249024,crossing,4,5,"|2,1>","|1,1>",0.0
6.922,3.0,0.17604,7.660287200882223,0.5,0.3256614945009213,crossing,6,10,"|1,2>","|5,0>",0.0
6.922,3.0,0.17604,7.660287200882223,0.5,0.3772076631478494,crossing,8,9,"|0,2>","|3,1>",0.0
6.922,3.0,0.17604,7.660287200882223,0.5,0.3772078933778865,crossing,2,7,"|0,1>","|3,0>",0.0
6.922,3.0,0.17604,7.660287200882223,0.5,0.38,avoided,6,10,"|1,2>","|5,0>",0.01872847514070486
6.922,3.0,0.17604,7.660287200882223,0.5,0.3917649839649372,crossing,2,4,"|0,1>","|2,1>",0.0
6.922,3.0,0.17604,7.660287200882223,0.5,0.40581534878990727,crossing,8,9,"|0,2>","|3,1>",0.0
6.922,3.0,0.17604,7.660287200882223,0.5,0.41000000000000003,avoided,6,10,"|1,2>","|5,0>",0.021358480781344724
6.922,3.0,0.17604,7.660287200882223,0.5,0.41324064493328083,crossing,6,11,"|1,2>","|4,0>",0.0
6.922,3.0,0.17604,7.660287200882223,0.5,0.4181611663984444,crossing,10,11,"|5,0>","|4,0>",0.0
6.922,3.0,0.17604,7.660287200882223,0.5,0.44665691144466063,crossing,4,7,"|2,1>","|3,0>",0.0
6.922,3.0,0.17604,7.660287200882223,0.5,0.4466595161169265,crossing,8,9,"|0,2>","|3,1>",0.0
6.922,3.0,0.17604,7.660287200882223,0.5,0.49914965383061977,crossing,5,6,unlabeled,unlabeled,0.0
6.922,3.0,0.17604,7.660287200882223,0.5,0.4992487987502952,crossing,1,3,unlabeled,unlabeled,0.0
6.922,2.5,0.211252,9.192431669585584,0.5,-0.49909896605254433,crossing,1,3,unlabeled,unlabeled,0.0
6.922,2.5,0.211252,9.192431669585584,0.5,-0.49898005436209575,crossing,5,6,unlabeled,unlabeled,0.0
6.922,2.5,0.211252,9.192431669585584,0.5,-0.4466641237572506,crossing,8,9,"|0,2>","|3,1>",0.0
6.922,2.5,0.211252,9.192431669585584,0.5,-0.4466609656791467,crossing,4,7,"|2,1>","|3,0>",0.0
6.922,2.5,0.211252,9.192431669585584,0.5,-0.41811287857906954,crossing,10,11,"|5,0>","|4,0>",0.0
6.922,2.5,0.211252,9.192431669585584,0.5,-0.4133087940257353,crossing,6,11,"|1,2>","|4,0>",0.0
6.922,2.5,0.211252,9.192431669585584,0.5,-0.41000000000000003,avoided,6,10,"|1,2>","|5,0>",0.02325379195283972
6.922,2.5,0.211252,9.192431669585584,0.5,-0.4058159743706949,crossing,8,9,"|0,2>","|3,1>",0.0
6.922,2.5,0.211252,9.192431669585584,0.5,-0.3917717648919896,crossing,2,4,"|0,1>","|2,1>",0.0
6.922,2.5,0.211252,9.192431669585584,0.5,-0.38,avoided,6,10,"|1,2>","|5,0>",0.020350853574626626
6.922,2.5,0.211252,9.192431669585584,0.5,-0.37722271782096733,crossing,8,9,"|0,2>","|3,1>",0.0
6.922,2.5,0.211252,9.192431669585584,0.5,-0.3772203074794226,crossing,2,7,"|0,1>","|3,0>",0.0
6.922,2.5,0.211252,9.192431669585584,0.5,-0.32565558961003355,crossing,6,10,"|1,2>","|5,0>",0.0
6.922,2.5,0.211252,9.192431669585584,0.5,-0.3114824895997,crossing,4,5,"|2,1>","|1,1>",0.0
6.922,2.5,0.211252,9.192431669585584,0.5,-0.3085711697302677,crossing,6,8,"|1,2>","|0,2>",0.0
6.922,2.5,0.211252,9.192431669585584,0.5,-0.3049442538660162,crossing,8,10,"|0,2>","|5,0>",0.0
6.922,2.5,0.211252,9.192431669585584,0.5,-0.27545413908482996,crossing,6,10,"|1,2>","|5,0>",0.0
6.922,2.5,0.211252,9.192431669585584,0.5,-0.2528570650226414,crossing,8,11,"|0,2>","|4,0>",0.0
6.922,2.5,0.211252,9.192431669585584,0.5,-0.2469532762104086,crossing,2,3,"|0,1>","|2,0>",0.0
6.922,2.5,0.211252,9.192431669585584,0.5,-0.22529810591890065,crossing,6,10,"|1,2>","|5,0>",0.0
6.922,2.5,0.211252,9.192431669585584,0.5,-0.19364634316986312,crossing,5,7,"|1,1>","|3,0>",0.0
6.922,2.5,0.211252,9.192431669585584,0.5,-0.1745270160133596,crossing,4,8,"|2,1>","|0,2>",0.0
6.922,2.5,0.211252,9.192431669585584,0.5,-0.16999999999999998,avoided,6,9,"|1,2>","|3,1>",0.03583624253579387
6.922,2.5,0.211252,9.192431669585584,0.5,-0.10221313428883437,crossing,6,10,"|1,2>","|5,0>",0.0
6.922,2.5,0.211252,9.192431669585584,0.5,-0.06,avoided,4,11,"|2,1>","|4,0>",0.022692968879240993
6.922,2.5,0.211252,9.192431669585584,0.5,0.06000000000000005,avoided,4,11,"|2,1>","|4,0>",0.022692968879155728
6.922,2.5,0.211252,9.192431669585584,0.5,0.10221313428880101,crossing,6,10,"|1,2>","|5,0>",0.0
6.922,2.5,0.211252,9.192431669585584,0.5,0.17000000000000004,avoided,6,9,"|1,2>","|3,1>",0.035836242535822294
6.922,2.5,0.211252,9.192431669585584,0.5,0.17452701601332934,crossing,4,8,"|2,1>","|0,2>",0.0
6.922,2.5,0.211252,9.192431669585584,0.5,0.19364634316983262,crossing,5,7,"|1,1>","|3,0>",0.0
6.922,2.5,0.211252,9.192431669585584,0.5,0.2252981059188964,crossing,6,10,"|1,2>","|5,0>",0.0
6.922,2.5,0.211252,9.192431669585584,0.5,0.24695327621021643,crossing,2,3,"|0,1>","|2,0>",0.0
6.922,2.5,0.211252,9.192431669585584,0.5,0.2528570650226688,crossing,8,11,"|0,2>","|4,0>",0.0
6.922,2.5,0.211252,9.192431669585584,0.5,0.2754541390848335,crossing,6,10,"|1,2>","|5,0>",0.0
6.922,2.5,0.211252,9.192431669585584,0.5,0.30494425386600144,crossing,8,10,"|0,2>","|5,0>",0.0
6.922,2.5,0.211252,9.192431669585584,0.5,0.3085711697302601,crossing,6,8,"|1,2>","|0,2>",0.0
6.922,2.5,0.211252,9.192431669585584,0.5,0.3114824895996729,crossing,4,5,"|2,1>","|1,1>",0.0
6.922,2.5,0.211252,9.192431669585584,0.5,0.32565558961004504,crossing,6,10,"|1,2>","|5,0>",0.0
6.922,2.5,0.211252,9.192431669585584,0.5,0.37722030747943647,crossing,2,7,"|0,1>","|3,0>",0.0
6.922,2.5,0.211252,9.192431669585584,0.5,0.3772227178209869,crossing,8,9,"|0,2>","|3,1>",0.0
6.922,2.5,0.211252,9.192431669585584,0.5,0.38,avoided,6,10,"|1,2>","|5,0>",0.020350853573788186
6.922,2.5,0.211252,9.192431669585584,0.5,0.3917717648919431,crossing,2,4,"|0,1>","|2,1>",0.0
6.922,2.5,0.211252,9.192431669585584,0.5,0.4058159743706993,crossing,8,9,"|0,2>","|3,1>",0.0
6.922,2.5,0.211252,9.192431669585584,0.5,0.41000000000000003,avoided,6,10,"|1,2>","|5,0>",0.023253791952143388
6.922,2.5,0.211252,9.192431669585584,0.5,0.41330879402574083,crossing,6,11,"|1,2>","|4,0>",0.0
6.922,2.5,0.211252,9.192431669585584,0.5,0.4181128785790901,crossing,10,11,"|5,0>","|4,0>",0.0
6.922,2.5,0.211252,9.192431669585584,0.5,0.4466609656791087,crossing,4,7,"|2,1>","|3,0>",0.0
6.922,2.5,0.211252,9.192431669585584,0.5,0.44666412375719095,crossing,8,9,"|0,2>","|3,1>",0.0
6.922,2.5,0.211252,9.192431669585584,0.5,0.4989800543621018,crossing,5,6,unlabeled,unlabeled,0.0
6.922,2.5,0.211252,9.192431669585584,0.5,0.49909896605253007,crossing,1,3,unlabeled,unlabeled,0.0
6.922,2.0,0.26393,11.487602012604722,0.5,-0.4988751405177019,crossing,1,2,unlabeled,unlabeled,0.0
6.922,2.0,0.26393,11.487602012604722,0.5,-0.4987267363922134,crossing,5,6,unlabeled,unlabeled,0.0
6.922,2.0,0.26393,11.487602012604722,0.5,-0.4954957859059687,crossing,8,9,unlabeled,unlabeled,0.0
6.922,2.0,0.26393,11.487602012604722,0.5,-0.49,avoided,4,7,unlabeled,unlabeled,1.612545318607772e-06
6.922,2.0,0.26393,11.487602012604722,0.5,-0.48991699973216934,crossing,8,9,unlabeled,unlabeled,0.0
6.922,2.0,0.26393,11.487602012604722,0.5,-0.44667108880226597,crossing,8,9,"|0,2>","|3,1>",0.0
6.922,2.0,0.26393,11.487602012604722,0.5,-0.4466670830471767,crossing,4,7,"|2,1>","|3,0>",0.0
6.922,2.0,0.26393,11.487602012604722,0.5,-0.4180060900546662,crossing,10,11,"|5,0>","|4,0>",0.0
6.922,2.0,0.26393,11.487602012604722,0.5,-0.4133472914409711,crossing,6,11,"|1,2>","|4,0>",0.0
6.922,2.0,0.26393,11.487602012604722,0.5,-0.41000000000000003,avoided,6,10,"|1,2>","|5,0>",0.026548550140034877
6.922,2.0,0.26393,11.487602012604722,0.5,-0.40581693382350603,crossing,8,9,"|0,2>","|3,1>",0.0
6.922,2.0,0.26393,11.487602012604722,0.5,-0.39174248264788314,crossing,3,4,"|0,1>","|2,1>",0.0
6.922,2.0,0.26393,11.487602012604722,0.5,-0.38,avoided,6,10,"|1,2>","|5,0>",0.02288821867450963
6.922,2.0,0.26393,11.487602012604722,0.5,-0.3771833270927958,crossing,8,9,"|0,2>","|3,1>",0.0
6.922,2.0,0.26393,11.487602012604722,0.5,-0.37717741411663913,crossing,3,7,"|0,1>","|3,0>",0.0
6.922,2.0,0.26393,11.487602012604722,0.5,-0.3256467129266017,crossing,6,10,"|1,2>","|5,0>",0.0
6.922,2.0,0.26393,11.487602012604722,0.5,-0.3113632962921875,crossing,4,5,"|2,1>","|1,1>",0.0
6.922,2.0,0.26393,11.487602012604722,0.5,-0.3084598903158286,crossing,6,8,"|1,2>","|0,2>",0.0
6.922,2.0,0.26393,11.487602012604722,0.5,-0.30481568047620744,crossing,8,10,"|0,2>","|5,0>",0.0
6.922,2.0,0.26393,11.487602012604722,0.5,-0.2754534194741599,crossing,6,10,"|1,2>","|5,0>",0.0
6.922,2.0,0.26393,11.487602012604722,0.5,-0.25302318291608766,crossing,8,11,"|0,2>","|4,0>",0.0
6.922,2.0,0.26393,11.487602012604722,0.5,-0.25251903567969053,crossing,2,3,"|2,0>","|0,1>",0.0
6.922,2.0,0.26393,11.487602012604722,0.5,-0.22529810980458745,crossing,6,10,"|1,2>","|5,0>",0.0
6.922,2.0,0.26393,11.487602012604722,0.5,-0.19374158365832442,crossing,5,7,"|1,1>","|3,0>",0.0
6.922,2.0,0.26393,11.487602012604722,0.5,-0.1742646995641188,crossing,4,8,"|2,1>","|0,2>",0.0
6.922,2.0,0.26393,11.487602012604722,0.5,-0.16999999999999998,avoided,6,9,"|1,2>","|3,1>",0.03957663291706126
6.922,2.0,0.26393,11.487602012604722,0.5,-0.10173511002212524,crossing,6,10,"|1,2>","|5,0>",0.0
6.922,2.0,0.26393,11.487602012604722,0.5,-0.06,avoided,4,11,"|2,1>","|4,0>",0.025917109051150078
6.922,2.0,0.26393,11.487602012604722,0.5,0.06000000000000005,avoided,4,11,"|2,1>","|4,0>",0.025917109050553222
6.922,2.0,0.26393,11.487602012604722,0.5,0.1017351100220467,crossing,6,10,"|1,2>","|5,0>",0.0
6.922,2.0,0.26393,11.487602012604722,0.5,0.17000000000000004,avoided,6,9,"|1,2>","|3,1>",0.03957663291652125
6.922,2.0,0.26393,11.487602012604722,0.5,0.17426469956413032,crossing,4,8,"|2,1>","|0,2>",0.0
6.922,2.0,0.26393,11.487602012604722,0.5,0.19374158365829344,crossing,5,7,"|1,1>","|3,0>",0.0
6.922,2.0,0.26393,11.487602012604722,0.5,0.2252981098045782,crossing,6,10,"|1,2>","|5,0>",0.0
6.922,2.0,0.26393,11.487602012604722,0.5,0.2525190356797678,crossing,2,3,"|2,0>","|0,1>",0.0
6.922,2.0,0.26393,11.487602012604722,0.5,0.25302318291610093,crossing,8,11,"|0,2>","|4,0>",0.0
6.922,2.0,0.26393,11.487602012604722,0.5,0.2754534194741592,crossing,6,10,"|1,2>","|5,0>",0.0
6.922,2.0,0.26393,11.487602012604722,0.5,0.3048156804761799,crossing,8,10,"|0,2>","|5,0>",0.0
6.922,2.0,0.26393,11.487602012604722,0.5,0.3084598903158229,crossing,6,8,"|1,2>","|0,2>",0.0
6.922,2.0,0.26393,11.487602012604722,0.5,0.31136329629217635,crossing,4,5,"|2,1>","|1,1>",0.0
6.922,2.0,0.26393,11.487602012604722,0.5,0.3256467129265863,crossing,6,10,"|1,2>","|5,0>",0.0
6.922,2.0,0.26393,11.487602012604722,0.5,0.37717741411665934,crossing,3,7,"|0,1>","|3,0>",0.0
6.922,2.0,0.26393,11.487602012604722,0.5,0.377183327092774,crossing,8,9,"|0,2>","|3,1>",0.0
6.922,2.0,0.26393,11.487602012604722,0.5,0.38,avoided,6,10,"|1,2>","|5,0>",0.02288821867414015
6.922,2.0,0.26393,11.487602012604722,0.5,0.3917424826478399,crossing,3,4,"|0,1>","|2,1>",0.0
6.922,2.0,0.26393,11.487602012604722,0.5,0.40581693382351186,crossing,8,9,"|0,2>","|3,1>",0.0
6.922,2.0,0.26393,11.487602012604722,0.5,0.41000000000000003,avoided,6,10,"|1,2>","|5,0>",0.026548550139153804
6.922,2.0,0.26393,11.487602012604722,0.5,0.41334729144104204,crossing,6,11,"|1,2>","|4,0>",0.0
6.922,2.0,0.26393,11.487602012604722,0.5,0.418006090054769,crossing,10,11,"|5,0>","|4,0>",0.0
6.922,2.0,0.26393,11.487602012604722,0.5,0.44666708304715647,crossing,4,7,"|2,1>","|3,0>",0.0
6.922,2.0,0.26393,11.487602012604722,0.5,0.4466710888022877,crossing,8,9,"|0,2>","|3,1>",0.0
6.922,2.0,0.26393,11.487602012604722,0.5,0.4899169996979185,crossing,8,9,unlabeled,unlabeled,0.0
6.922,2.0,0.26393,11.487602012604722,0.5,0.49,avoided,4,7,unlabeled,unlabeled,1.6125457591442682e-06
6.922,2.0,0.26393,11.487602012604722,0.5,0.4954957871682259,crossing,8,9,unlabeled,unlabeled,0.0
6.922,2.0,0.26393,11.487602012604722,0.5,0.49872673639212417,crossing,5,6,unlabeled,unlabeled,0.0
6.922,2.0,0.26393,11.487602012604722,0.5,0.4988751405176993,crossing,1,2,unlabeled,unlabeled,0.0
6.922,1.5,0.351641,15.311019996503607,0.5,-0.4985033141678367,crossing,1,2,unlabeled,unlabeled,0.0
6.922,1.5,0.351641,15.311019996503607,0.5,-0.4983059315513804,crossing,5,6,unlabeled,unlabeled,0.0
6.922,1.5,0.351641,15.311019996503607,0.5,-0.4975588792028837,crossing,8,9,unlabeled,unlabeled,0.0
6.922,1.5,0.351641,15.311019996503607,0.5,-0.4965344337468253,crossing,4,7,unlabeled,unlabeled,0.0
6.922,1.5,0.351641,15.311019996503607,0.5,-0.48975924720560116,crossing,4,7,unlabeled,unlabeled,0.0
6.922,1.5,0.351641,15.311019996503607,0.5,-0.4895831703995802,crossing,8,9,unlabeled,unlabeled,0.0
6.922,1.5,0.351641,15.311019996503607,0.5,-0.44668289281447704,crossing,8,9,"|0,2>","|3,1>",0.0
6.922,1.5,0.351641,15.311019996503607,0.5,-0.4466774176990439,crossing,4,7,"|2,1>","|3,0>",0.0
6.922,1.5,0.351641,15.311019996503607,0.5,-0.4178758275722868,crossing,10,11,"|5,0>","|4,0>",0.0
6.922,1.5,0.351641,15.311019996503607,0.5,-0.4133878434221163,crossing,6,11,"|1,2>","|4,0>",0.0
6.922,1.5,0.351641,15.311019996503607,0.5,-0.41000000000000003,avoided,6,10,"|1,2>","|5,0>",0.03134836747099712
6.922,1.5,0.351641,15.311019996503607,0.5,-0.40581852915086536,crossing,8,9,"|0,2>","|3,1>",0.0
6.922,1.5,0.351641,15.311019996503607,0.5,-0.39171117869314276,crossing,3,4,"|0,1>","|2,1>",0.0
6.922,1.5,0.351641,15.311019996503607,0.5,-0.37713763522508514,crossing,8,9,"|0,2>","|3,1>",0.0
6.922,1.5,0.351641,15.311019996503607,0.5,-0.37712655597634953,crossing,3,7,"|0,1>","|3,0>",0.0
6.922,1.5,0.351641,15.311019996503607,0.5,-0.37,avoided,6,10,"|1,2>","|5,0>",0.02605307478638963
6.922,1.5,0.351641,15.311019996503607,0.5,-0.32563211717038815,crossing,6,10,"|1,2>","|5,0>",0.0
6.922,1.5,0.351641,15.311019996503607,0.5,-0.31119117886016767,crossing,4,5,"|2,1>","|1,1>",0.0
6.922,1.5,0.351641,15.311019996503607,0.5,-0.30830953851534076,crossing,6,8,"|1,2>","|0,2>",0.0
6.922,1.5,0.351641,15.311019996503607,0.5,-0.3046388312521703,crossing,8,10,"|0,2>","|5,0>",0.0
6.922,1.5,0.351641,15.311019996503607,0.5,-0.2754521935685667,crossing,6,10,"|1,2>","|5,0>",0.0
6.922,1.5,0.351641,15.311019996503607,0.5,-0.25323513550009047,crossing,8,11,"|0,2>","|4,0>",0.0
6.922,1.5,0.351641,15.311019996503607,0.5,-0.2527250016972222,crossing,2,3,"|2,0>","|0,1>",0.0
6.922,1.5,0.351641,15.311019996503607,0.5,-0.22529809492494057,crossing,6,10,"|1,2>","|5,0>",0.0
6.922,1.5,0.351641,15.311019996503607,0.5,-0.1938694859849073,crossing,5,7,"|1,1>","|3,0>",0.0
6.922,1.5,0.351641,15.311019996503607,0.5,-0.173898932919576,crossing,4,8,"|2,1>","|0,2>",0.0
6.922,1.5,0.351641,15.311019996503607,0.5,-0.16999999999999998,avoided,6,9,"|1,2>","|3,1>",0.04444340860297302
6.922,1.5,0.351641,15.311019996503607,0.5,-0.10108269650217333,crossing,6,10,"|1,2>","|5,0>",0.0
6.922,1.5,0.351641,15.311019996503607,0.5,-0.04999999999999999,avoided,4,11,"|2,1>","|4,0>",0.028574792621427036
6.922,1.5,0.351641,15.311019996503607,0.5,0.050000000000000044,avoided,4,11,"|2,1>","|4,0>",0.028574792620602807
6.922,1.5,0.351641,15.311019996503607,0.5,0.10108269650217494,crossing,6,10,"|1,2>","|5,0>",0.0
6.922,1.5,0.351641,15.311019996503607,0.5,0.17000000000000004,avoided,6,9,"|1,2>","|3,1>",0.04444340860355567
6.922,1.5,0.351641,15.311019996503607,0.5,0.17389893291954736,crossing,4,8,"|2,1>","|0,2>",0.0
6.922,1.5,0.351641,15.311019996503607,0.5,0.19386948598487969,crossing,5,7,"|1,1>","|3,0>",0.0
6.922,1.5,0.351641,15.311019996503607,0.5,0.2252980949249358,crossing,6,10,"|1,2>","|5,0>",0.0
6.922,1.5,0.351641,15.311019996503607,0.5,0.25272500169730244,crossing,2,3,"|2,0>","|0,1>",0.0
6.922,1.5,0.351641,15.311019996503607,0.5,0.25323513550012466,crossing,8,11,"|0,2>","|4,0>",0.0
6.922,1.5,0.351641,15.311019996503607,0.5,0.2754521935685522,crossing,6,10,"|1,2>","|5,0>",0.0
6.922,1.5,0.351641,15.311019996503607,0.5,0.3046388312521642,crossing,8,10,"|0,2>","|5,0>",0.0
6.922,1.5,0.351641,15.311019996503607,0.5,0.30830953851534354,crossing,6,8,"|1,2>","|0,2>",0.0
6.922,1.5,0.351641,15.311019996503607,0.5,0.3111911788601492,crossing,4,5,"|2,1>","|1,1>",0.0
6.922,1.5,0.351641,15.311019996503607,0.5,0.32563211717041923,crossing,6,10,"|1,2>","|5,0>",0.0
6.922,1.5,0.351641,15.311019996503607,0.5,0.37,avoided,6,10,"|1,2>","|5,0>",0.026053074785835406
6.922,1.5,0.351641,15.311019996503607,0.5,0.3771265559763512,crossing,3,7,"|0,1>","|3,0>",0.0
6.922,1.5,0.351641,15.311019996503607,0.5,0.37713763522508714,crossing,8,9,"|0,2>","|3,1>",0.0
6.922,1.5,0.351641,15.311019996503607,0.5,0.3917111786931269,crossing,3,4,"|0,1>","|2,1>",0.0
6.922,1.5,0.351641,15.311019996503607,0.5,0.40581852915085886,crossing,8,9,"|0,2>","|3,1>",0.0
6.922,1.5,0.351641,15.311019996503607,0.5,0.41000000000000003,avoided,6,10,"|1,2>","|5,0>",0.031348367470101834
6.922,1.5,0.351641,15.311019996503607,0.5,0.41338784342211365,crossing,6,11,"|1,2>","|4,0>",0.0
6.922,1.5,0.351641,15.311019996503607,0.5,0.4178758275722638,crossing,10,11,"|5,0>","|4,0>",0.0
6.922,1.5,0.351641,15.311019996503607,0.5,0.4466774176991179,crossing,4,7,"|2,1>","|3,0>",0.0
6.922,1.5,0.351641,15.311019996503607,0.5,0.44668289281446144,crossing,8,9,"|0,2>","|3,1>",0.0
6.922,1.5,0.351641,15.311019996503607,0.5,0.48958317038916127,crossing,8,9,unlabeled,unlabeled,0.0
6.922,1.5,0.351641,15.311019996503607,0.5,0.4897592472052063,crossing,4,7,unlabeled,unlabeled,0.0
6.922,1.5,0.351641,15.311019996503607,0.5,0.49653443374925316,crossing,4,7,unlabeled,unlabeled,0.0
6.922,1.5,0.351641,15.311019996503607,0.5,0.49755887924865455,crossing,8,9,unlabeled,unlabeled,0.0
6.922,1.5,0.351641,15.311019996503607,0.5,0.49830593155135355,crossing,5,6,unlabeled,unlabeled,0.0
6.922,1.5,0.351641,15.311019996503607,0.5,0.4985033141678267,crossing,1,2,unlabeled,unlabeled,0.0
6.922,1.0,0.526901,22.954324211355036,0.5,-0.4977635721608926,crossing,1,2,unlabeled,unlabeled,0.0
6.922,1.0,0.526901,22.954324211355036,0.5,-0.49770510646010807,crossing,8,9,unlabeled,unlabeled,0.0
6.922,1.0,0.526901,22.954324211355036,0.5,-0.49746873969011557,crossing,5,6,unlabeled,unlabeled,0.0
6.922,1.0,0.526901,22.954324211355036,0.5,-0.49718708663873473,crossing,4,7,unlabeled,unlabeled,0.0
6.922,1.0,0.526901,22.954324211355036,0.5,-0.4890917315750946,crossing,4,7,unlabeled,unlabeled,0.0
6.922,1.0,0.526901,22.954324211355036,0.5,-0.488685091504773,crossing,8,9,unlabeled,unlabeled,0.0
6.922,1.0,0.526901,22.954324211355036,0.5,-0.44670731750581616,crossing,8,9,"|0,2>","|1,2>",0.0
6.922,1.0,0.526901,22.954324211355036,0.5,-0.44669867145035086,crossing,4,7,"|2,1>","|3,0>",0.0
6.922,1.0,0.526901,22.954324211355036,0.5,-0.4142858897655339,crossing,6,10,"|4,0>","|3,1>",0.0
6.922,1.0,0.526901,22.954324211355036,0.5,-0.41000000000000003,avoided,6,11,"|4,0>","|5,0>",0.03887632255200657
6.922,1.0,0.526901,22.954324211355036,0.5,-0.4058216990931285,crossing,8,9,"|0,2>","|1,2>",0.0
6.922,1.0,0.526901,22.954324211355036,0.5,-0.405109405226357,crossing,6,10,"|4,0>","|3,1>",0.0
6.922,1.0,0.526901,22.954324211355036,0.5,-0.39170715316093735,crossing,3,4,"|0,1>","|2,1>",0.0
6.922,1.0,0.526901,22.954324211355036,0.5,-0.3771245765466807,crossing,8,9,"|0,2>","|1,2>",0.0
6.922,1.0,0.526901,22.954324211355036,0.5,-0.3771044948659884,crossing,3,7,"|0,1>","|3,0>",0.0
6.922,1.0,0.526901,22.954324211355036,0.5,-0.37,avoided,10,11,"|3,1>","|5,0>",0.0314642601707007
6.922,1.0,0.526901,22.954324211355036,0.5,-0.3109393400960019,crossing,4,5,"|2,1>","|1,1>",0.0
6.922,1.0,0.526901,22.954324211355036,0.5,-0.3081470456238352,crossing,8,11,"|0,2>","|5,0>",0.0
6.922,1.0,0.526901,22.954324211355036,0.5,-0.30443413740630054,crossing,8,10,"|0,2>","|3,1>",0.0
6.922,1.0,0.526901,22.954324211355036,0.5,-0.25352872961447653,crossing,6,8,"|4,0>","|0,2>",0.0
6.922,1.0,0.526901,22.954324211355036,0.5,-0.25302130988731514,crossing,2,3,"|2,0>","|0,1>",0.0
6.922,1.0,0.526901,22.954324211355036,0.5,-0.19406443630559436,crossing,5,7,"|1,1>","|3,0>",0.0
6.922,1.0,0.526901,22.954324211355036,0.5,-0.17343052741314285,crossing,4,8,"|2,1>","|0,2>",0.0
6.922,1.0,0.526901,22.954324211355036,0.5,-0.17172952127232488,crossing,9,11,"|1,2>","|5,0>",0.0
6.922,1.0,0.526901,22.954324211355036,0.5,-0.10040802465850183,crossing,9,10,"|1,2>","|3,1>",0.0
6.922,1.0,0.526901,22.954324211355036,0.5,-0.04999999999999999,avoided,4,6,"|2,1>","|4,0>",0.031041243016318276
6.922,1.0,0.526901,22.954324211355036,0.5,0.050000000000000044,avoided,4,6,"|2,1>","|4,0>",0.031041243015927478
6.922,1.0,0.526901,22.954324211355036,0.5,0.10040802465841897,crossing,9,10,"|1,2>","|3,1>",0.0
6.922,1.0,0.526901,22.954324211355036,0.5,0.17172952127232302,crossing,9,11,"|1,2>","|5,0>",0.0
6.922,1.0,0.526901,22.954324211355036,0.5,0.17343052741313586,crossing,4,8,"|2,1>","|0,2>",0.0
6.922,1.0,0.526901,22.954324211355036,0.5,0.19406443630560058,crossing,5,7,"|1,1>","|3,0>",0.0
6.922,1.0,0.526901,22.954324211355036,0.5,0.2530213098873462,crossing,2,3,"|2,0>","|0,1>",0.0
6.922,1.0,0.526901,22.954324211355036,0.5,0.25352872961448525,crossing,6,8,"|4,0>","|0,2>",0.0
6.922,1.0,0.526901,22.954324211355036,0.5,0.3044341374062926,crossing,8,10,"|0,2>","|3,1>",0.0
6.922,1.0,0.526901,22.954324211355036,0.5,0.3081470456238424,crossing,8,11,"|0,2>","|5,0>",0.0
6.922,1.0,0.526901,22.954324211355036,0.5,0.31093934009602076,crossing,4,5,"|2,1>","|1,1>",0.0
6.922,1.0,0.526901,22.954324211355036,0.5,0.37,avoided,10,11,"|3,1>","|5,0>",0.0314642601710986
6.922,1.0,0.526901,22.954324211355036,0.5,0.37710449486598996,crossing,3,7,"|0,1>","|3,0>",0.0
6.922,1.0,0.526901,22.954324211355036,0.5,0.3771245765466615,crossing,8,9,"|0,2>","|1,2>",0.0
6.922,1.0,0.526901,22.954324211355036,0.5,0.39170715316092997,crossing,3,4,"|0,1>","|2,1>",0.0
6.922,1.0,0.526901,22.954324211355036,0.5,0.40510940522633354,crossing,6,10,"|4,0>","|3,1>",0.0
6.922,1.0,0.526901,22.954324211355036,0.5,0.4058216990931401,crossing,8,9,"|0,2>","|1,2>",0.0
6.922,1.0,0.526901,22.954324211355036,0.5,0.41000000000000003,avoided,6,11,"|4,0>","|5,0>",0.03887632255118234
6.922,1.0,0.526901,22.954324211355036,0.5,0.41428588976554337,crossing,6,10,"|4,0>","|3,1>",0.0
6.922,1.0,0.526901,22.954324211355036,0.5,0.4466986714503664,crossing,4,7,"|2,1>","|3,0>",0.0
6.922,1.0,0.526901,22.954324211355036,0.5,0.4467073175058134,crossing,8,9,"|0,2>","|1,2>",0.0
6.922,1.0,0.526901,22.954324211355036,0.5,0.488685091518254,crossing,8,9,unlabeled,unlabeled,0.0
6.922,1.0,0.526901,22.954324211355036,0.5,0.4890917315789147,crossing,4,7,unlabeled,unlabeled,0.0
6.922,1.0,0.526901,22.954324211355036,0.5,0.4971870866989636,crossing,4,7,unlabeled,unlabeled,0.0
6.922,1.0,0.526901,22.954324211355036,0.5,0.49746873969013194,crossing,5,6,unlabeled,unlabeled,0.0
6.922,1.0,0.526901,22.954324211355036,0.5,0.4977051063880176,crossing,8,9,unlabeled,unlabeled,0.0
6.922,1.0,0.526901,22.954324211355036,0.5,0.49776357216089745,crossing,1,2,unlabeled,unlabeled,0.0
